Interval, Utilization, StdDev,
0,9.29442,1.88361, 
30,0.269168,0.446507, 
60,0,0, 
90,0,0, 
120,0,0, 
150,0,0, 