Statistic, Task Type,Run 0,Mean, StdDev
Processing Time,0,1.12119, 0, 0, 
,1,0, 0, 0, 
,2,8.69699, 0, 0, 
,3,0, 0, 0, 
,4,0, 0, 0, 
,5,0, 0, 0, 
,6,0.232981, 0, 0, 
,7,0.276431, 0, 0, 
,8,0.00744006, 0, 0, 
Wait Times,0,1.80906, 0, 0, 
,1,0, 0, 0, 
,2,1.45214, 0, 0, 
,3,0, 0, 0, 
,4,0, 0, 0, 
,5,0, 0, 0, 
,6,1.89689, 0, 0, 
,7,0.943029, 0, 0, 
,8,0, 0, 0, 
Total Tasks,0,14, 0, 0, 
,1,0, 0, 0, 
,2,7, 0, 0, 
,3,0, 0, 0, 
,4,0, 0, 0, 
,5,0, 0, 0, 
,6,2, 0, 0, 
,7,3, 0, 0, 
,8,1, 0, 0, 
