Time (min),Type 0,Type 1,Type 2,Type 3,Type 4,Type 5,Type 6,Type 7,Type 8,Total
0,3.73732,0,28.99,0,0,0,0.776604,0.921437,0.0248003,34.4501,
30,0,0,0,0,0,0,0,0,0,0,
60,0,0,0,0,0,0,0,0,0,0,
